[{"model": "admin.logentry", "pk": 1, "fields": {"action_time": "2024-08-09T17:36:02.269Z", "user": 2, "content_type": 6, "object_id": "google", "object_repr": "Google", "action_flag": 1, "change_message": "[{\"added\": {}}]"}}, {"model": "admin.logentry", "pk": 2, "fields": {"action_time": "2024-08-09T17:48:05.153Z", "user": 2, "content_type": 6, "object_id": "google", "object_repr": "Google", "action_flag": 3, "change_message": ""}}, {"model": "admin.logentry", "pk": 3, "fields": {"action_time": "2024-08-09T17:51:36.577Z", "user": 2, "content_type": 6, "object_id": "google", "object_repr": "Google", "action_flag": 1, "change_message": "[{\"added\": {}}]"}}, {"model": "admin.logentry", "pk": 4, "fields": {"action_time": "2024-08-09T17:52:31.816Z", "user": 2, "content_type": 6, "object_id": "google1", "object_repr": "Google1", "action_flag": 1, "change_message": "[{\"added\": {}}]"}}, {"model": "admin.logentry", "pk": 5, "fields": {"action_time": "2024-08-09T17:55:16.446Z", "user": 2, "content_type": 6, "object_id": "google2", "object_repr": "Google2", "action_flag": 1, "change_message": "[{\"added\": {}}]"}}, {"model": "admin.logentry", "pk": 6, "fields": {"action_time": "2024-08-09T18:05:51.037Z", "user": 2, "content_type": 6, "object_id": "google4", "object_repr": "Google4", "action_flag": 1, "change_message": "[{\"added\": {}}]"}}, {"model": "admin.logentry", "pk": 7, "fields": {"action_time": "2024-08-09T18:07:12.155Z", "user": 2, "content_type": 6, "object_id": "google6", "object_repr": "Google6", "action_flag": 1, "change_message": "[{\"added\": {}}]"}}, {"model": "admin.logentry", "pk": 8, "fields": {"action_time": "2024-08-09T18:10:04.917Z", "user": 2, "content_type": 6, "object_id": "google7", "object_repr": "Google", "action_flag": 1, "change_message": "[{\"added\": {}}]"}}, {"model": "admin.logentry", "pk": 9, "fields": {"action_time": "2024-08-09T18:11:05.334Z", "user": 2, "content_type": 6, "object_id": "google8", "object_repr": "Google", "action_flag": 1, "change_message": "[{\"added\": {}}]"}}, {"model": "admin.logentry", "pk": 10, "fields": {"action_time": "2024-08-09T18:14:56.991Z", "user": 2, "content_type": 6, "object_id": "google89", "object_repr": "google 6", "action_flag": 1, "change_message": "[{\"added\": {}}]"}}, {"model": "admin.logentry", "pk": 11, "fields": {"action_time": "2024-08-09T18:29:58.489Z", "user": 2, "content_type": 6, "object_id": "google8", "object_repr": "Surya Pratap", "action_flag": 1, "change_message": "[{\"added\": {}}]"}}, {"model": "admin.logentry", "pk": 12, "fields": {"action_time": "2024-08-09T18:31:31.932Z", "user": 2, "content_type": 6, "object_id": "google8", "object_repr": "Surya Pratap", "action_flag": 3, "change_message": ""}}, {"model": "admin.logentry", "pk": 13, "fields": {"action_time": "2024-08-09T18:31:57.066Z", "user": 2, "content_type": 6, "object_id": "google8", "object_repr": "Google", "action_flag": 1, "change_message": "[{\"added\": {}}]"}}, {"model": "admin.logentry", "pk": 14, "fields": {"action_time": "2024-08-11T06:44:49.498Z", "user": 2, "content_type": 6, "object_id": "pepsi", "object_repr": "Pespi", "action_flag": 1, "change_message": "[{\"added\": {}}]"}}, {"model": "admin.logentry", "pk": 15, "fields": {"action_time": "2024-08-11T06:45:00.379Z", "user": 2, "content_type": 6, "object_id": "pepsi", "object_repr": "Pepsi", "action_flag": 2, "change_message": "[{\"changed\": {\"fields\": [\"Name\"]}}]"}}, {"model": "admin.logentry", "pk": 16, "fields": {"action_time": "2024-08-11T06:46:59.614Z", "user": 2, "content_type": 8, "object_id": "11", "object_repr": " - Pseudo trainer employee", "action_flag": 1, "change_message": "[{\"added\": {}}]"}}, {"model": "auth.permission", "pk": 1, "fields": {"name": "Can add log entry", "content_type": 1, "codename": "add_logentry"}}, {"model": "auth.permission", "pk": 2, "fields": {"name": "Can change log entry", "content_type": 1, "codename": "change_logentry"}}, {"model": "auth.permission", "pk": 3, "fields": {"name": "Can delete log entry", "content_type": 1, "codename": "delete_logentry"}}, {"model": "auth.permission", "pk": 4, "fields": {"name": "Can view log entry", "content_type": 1, "codename": "view_logentry"}}, {"model": "auth.permission", "pk": 5, "fields": {"name": "Can add permission", "content_type": 2, "codename": "add_permission"}}, {"model": "auth.permission", "pk": 6, "fields": {"name": "Can change permission", "content_type": 2, "codename": "change_permission"}}, {"model": "auth.permission", "pk": 7, "fields": {"name": "Can delete permission", "content_type": 2, "codename": "delete_permission"}}, {"model": "auth.permission", "pk": 8, "fields": {"name": "Can view permission", "content_type": 2, "codename": "view_permission"}}, {"model": "auth.permission", "pk": 9, "fields": {"name": "Can add group", "content_type": 3, "codename": "add_group"}}, {"model": "auth.permission", "pk": 10, "fields": {"name": "Can change group", "content_type": 3, "codename": "change_group"}}, {"model": "auth.permission", "pk": 11, "fields": {"name": "Can delete group", "content_type": 3, "codename": "delete_group"}}, {"model": "auth.permission", "pk": 12, "fields": {"name": "Can view group", "content_type": 3, "codename": "view_group"}}, {"model": "auth.permission", "pk": 13, "fields": {"name": "Can add content type", "content_type": 4, "codename": "add_contenttype"}}, {"model": "auth.permission", "pk": 14, "fields": {"name": "Can change content type", "content_type": 4, "codename": "change_contenttype"}}, {"model": "auth.permission", "pk": 15, "fields": {"name": "Can delete content type", "content_type": 4, "codename": "delete_contenttype"}}, {"model": "auth.permission", "pk": 16, "fields": {"name": "Can view content type", "content_type": 4, "codename": "view_contenttype"}}, {"model": "auth.permission", "pk": 17, "fields": {"name": "Can add session", "content_type": 5, "codename": "add_session"}}, {"model": "auth.permission", "pk": 18, "fields": {"name": "Can change session", "content_type": 5, "codename": "change_session"}}, {"model": "auth.permission", "pk": 19, "fields": {"name": "Can delete session", "content_type": 5, "codename": "delete_session"}}, {"model": "auth.permission", "pk": 20, "fields": {"name": "Can view session", "content_type": 5, "codename": "view_session"}}, {"model": "auth.permission", "pk": 21, "fields": {"name": "Can add company", "content_type": 6, "codename": "add_company"}}, {"model": "auth.permission", "pk": 22, "fields": {"name": "Can change company", "content_type": 6, "codename": "change_company"}}, {"model": "auth.permission", "pk": 23, "fields": {"name": "Can delete company", "content_type": 6, "codename": "delete_company"}}, {"model": "auth.permission", "pk": 24, "fields": {"name": "Can view company", "content_type": 6, "codename": "view_company"}}, {"model": "auth.permission", "pk": 25, "fields": {"name": "Can add user profile", "content_type": 7, "codename": "add_userprofile"}}, {"model": "auth.permission", "pk": 26, "fields": {"name": "Can change user profile", "content_type": 7, "codename": "change_userprofile"}}, {"model": "auth.permission", "pk": 27, "fields": {"name": "Can delete user profile", "content_type": 7, "codename": "delete_userprofile"}}, {"model": "auth.permission", "pk": 28, "fields": {"name": "Can view user profile", "content_type": 7, "codename": "view_userprofile"}}, {"model": "auth.permission", "pk": 29, "fields": {"name": "Can add employee", "content_type": 8, "codename": "add_employee"}}, {"model": "auth.permission", "pk": 30, "fields": {"name": "Can change employee", "content_type": 8, "codename": "change_employee"}}, {"model": "auth.permission", "pk": 31, "fields": {"name": "Can delete employee", "content_type": 8, "codename": "delete_employee"}}, {"model": "auth.permission", "pk": 32, "fields": {"name": "Can view employee", "content_type": 8, "codename": "view_employee"}}, {"model": "auth.permission", "pk": 33, "fields": {"name": "Can add accident report", "content_type": 9, "codename": "add_accidentreport"}}, {"model": "auth.permission", "pk": 34, "fields": {"name": "Can change accident report", "content_type": 9, "codename": "change_accidentreport"}}, {"model": "auth.permission", "pk": 35, "fields": {"name": "Can delete accident report", "content_type": 9, "codename": "delete_accidentreport"}}, {"model": "auth.permission", "pk": 36, "fields": {"name": "Can view accident report", "content_type": 9, "codename": "view_accidentreport"}}, {"model": "auth.permission", "pk": 37, "fields": {"name": "Can add accident reported by", "content_type": 10, "codename": "add_accidentreportedby"}}, {"model": "auth.permission", "pk": 38, "fields": {"name": "Can change accident reported by", "content_type": 10, "codename": "change_accidentreportedby"}}, {"model": "auth.permission", "pk": 39, "fields": {"name": "Can delete accident reported by", "content_type": 10, "codename": "delete_accidentreportedby"}}, {"model": "auth.permission", "pk": 40, "fields": {"name": "Can view accident reported by", "content_type": 10, "codename": "view_accidentreportedby"}}, {"model": "auth.permission", "pk": 41, "fields": {"name": "Can add accident reporting", "content_type": 11, "codename": "add_accidentreporting"}}, {"model": "auth.permission", "pk": 42, "fields": {"name": "Can change accident reporting", "content_type": 11, "codename": "change_accidentreporting"}}, {"model": "auth.permission", "pk": 43, "fields": {"name": "Can delete accident reporting", "content_type": 11, "codename": "delete_accidentreporting"}}, {"model": "auth.permission", "pk": 44, "fields": {"name": "Can view accident reporting", "content_type": 11, "codename": "view_accidentreporting"}}, {"model": "auth.permission", "pk": 45, "fields": {"name": "Can add accident supervisor", "content_type": 12, "codename": "add_accidentsupervisor"}}, {"model": "auth.permission", "pk": 46, "fields": {"name": "Can change accident supervisor", "content_type": 12, "codename": "change_accidentsupervisor"}}, {"model": "auth.permission", "pk": 47, "fields": {"name": "Can delete accident supervisor", "content_type": 12, "codename": "delete_accidentsupervisor"}}, {"model": "auth.permission", "pk": 48, "fields": {"name": "Can view accident supervisor", "content_type": 12, "codename": "view_accidentsupervisor"}}, {"model": "auth.permission", "pk": 49, "fields": {"name": "Can add accident type", "content_type": 13, "codename": "add_accidenttype"}}, {"model": "auth.permission", "pk": 50, "fields": {"name": "Can change accident type", "content_type": 13, "codename": "change_accidenttype"}}, {"model": "auth.permission", "pk": 51, "fields": {"name": "Can delete accident type", "content_type": 13, "codename": "delete_accidenttype"}}, {"model": "auth.permission", "pk": 52, "fields": {"name": "Can view accident type", "content_type": 13, "codename": "view_accidenttype"}}, {"model": "auth.permission", "pk": 53, "fields": {"name": "Can add permit status", "content_type": 14, "codename": "add_permitstatus"}}, {"model": "auth.permission", "pk": 54, "fields": {"name": "Can change permit status", "content_type": 14, "codename": "change_permitstatus"}}, {"model": "auth.permission", "pk": 55, "fields": {"name": "Can delete permit status", "content_type": 14, "codename": "delete_permitstatus"}}, {"model": "auth.permission", "pk": 56, "fields": {"name": "Can view permit status", "content_type": 14, "codename": "view_permitstatus"}}, {"model": "auth.permission", "pk": 57, "fields": {"name": "Can add ppe status", "content_type": 15, "codename": "add_ppestatus"}}, {"model": "auth.permission", "pk": 58, "fields": {"name": "Can change ppe status", "content_type": 15, "codename": "change_ppestatus"}}, {"model": "auth.permission", "pk": 59, "fields": {"name": "Can delete ppe status", "content_type": 15, "codename": "delete_ppestatus"}}, {"model": "auth.permission", "pk": 60, "fields": {"name": "Can view ppe status", "content_type": 15, "codename": "view_ppestatus"}}, {"model": "auth.permission", "pk": 61, "fields": {"name": "Can add severity", "content_type": 16, "codename": "add_severity"}}, {"model": "auth.permission", "pk": 62, "fields": {"name": "Can change severity", "content_type": 16, "codename": "change_severity"}}, {"model": "auth.permission", "pk": 63, "fields": {"name": "Can delete severity", "content_type": 16, "codename": "delete_severity"}}, {"model": "auth.permission", "pk": 64, "fields": {"name": "Can view severity", "content_type": 16, "codename": "view_severity"}}, {"model": "auth.permission", "pk": 65, "fields": {"name": "Can add accident workman", "content_type": 17, "codename": "add_accidentworkman"}}, {"model": "auth.permission", "pk": 66, "fields": {"name": "Can change accident workman", "content_type": 17, "codename": "change_accidentworkman"}}, {"model": "auth.permission", "pk": 67, "fields": {"name": "Can delete accident workman", "content_type": 17, "codename": "delete_accidentworkman"}}, {"model": "auth.permission", "pk": 68, "fields": {"name": "Can view accident workman", "content_type": 17, "codename": "view_accidentworkman"}}, {"model": "auth.permission", "pk": 69, "fields": {"name": "Can add issued things", "content_type": 18, "codename": "add_issuedthings"}}, {"model": "auth.permission", "pk": 70, "fields": {"name": "Can change issued things", "content_type": 18, "codename": "change_issuedthings"}}, {"model": "auth.permission", "pk": 71, "fields": {"name": "Can delete issued things", "content_type": 18, "codename": "delete_issuedthings"}}, {"model": "auth.permission", "pk": 72, "fields": {"name": "Can view issued things", "content_type": 18, "codename": "view_issuedthings"}}, {"model": "auth.permission", "pk": 73, "fields": {"name": "Can add issued to employee", "content_type": 19, "codename": "add_issuedtoemployee"}}, {"model": "auth.permission", "pk": 74, "fields": {"name": "Can change issued to employee", "content_type": 19, "codename": "change_issuedtoemployee"}}, {"model": "auth.permission", "pk": 75, "fields": {"name": "Can delete issued to employee", "content_type": 19, "codename": "delete_issuedtoemployee"}}, {"model": "auth.permission", "pk": 76, "fields": {"name": "Can view issued to employee", "content_type": 19, "codename": "view_issuedtoemployee"}}, {"model": "auth.permission", "pk": 77, "fields": {"name": "Can add item", "content_type": 20, "codename": "add_item"}}, {"model": "auth.permission", "pk": 78, "fields": {"name": "Can change item", "content_type": 20, "codename": "change_item"}}, {"model": "auth.permission", "pk": 79, "fields": {"name": "Can delete item", "content_type": 20, "codename": "delete_item"}}, {"model": "auth.permission", "pk": 80, "fields": {"name": "Can view item", "content_type": 20, "codename": "view_item"}}, {"model": "auth.permission", "pk": 81, "fields": {"name": "Can add item type", "content_type": 21, "codename": "add_itemtype"}}, {"model": "auth.permission", "pk": 82, "fields": {"name": "Can change item type", "content_type": 21, "codename": "change_itemtype"}}, {"model": "auth.permission", "pk": 83, "fields": {"name": "Can delete item type", "content_type": 21, "codename": "delete_itemtype"}}, {"model": "auth.permission", "pk": 84, "fields": {"name": "Can view item type", "content_type": 21, "codename": "view_itemtype"}}, {"model": "auth.permission", "pk": 85, "fields": {"name": "Can add new issuance", "content_type": 22, "codename": "add_newissuance"}}, {"model": "auth.permission", "pk": 86, "fields": {"name": "Can change new issuance", "content_type": 22, "codename": "change_newissuance"}}, {"model": "auth.permission", "pk": 87, "fields": {"name": "Can delete new issuance", "content_type": 22, "codename": "delete_newissuance"}}, {"model": "auth.permission", "pk": 88, "fields": {"name": "Can view new issuance", "content_type": 22, "codename": "view_newissuance"}}, {"model": "auth.permission", "pk": 89, "fields": {"name": "Can add item validity", "content_type": 23, "codename": "add_itemvalidity"}}, {"model": "auth.permission", "pk": 90, "fields": {"name": "Can change item validity", "content_type": 23, "codename": "change_itemvalidity"}}, {"model": "auth.permission", "pk": 91, "fields": {"name": "Can delete item validity", "content_type": 23, "codename": "delete_itemvalidity"}}, {"model": "auth.permission", "pk": 92, "fields": {"name": "Can view item validity", "content_type": 23, "codename": "view_itemvalidity"}}, {"model": "auth.permission", "pk": 93, "fields": {"name": "Can add upcoming issue", "content_type": 24, "codename": "add_upcomingissue"}}, {"model": "auth.permission", "pk": 94, "fields": {"name": "Can change upcoming issue", "content_type": 24, "codename": "change_upcomingissue"}}, {"model": "auth.permission", "pk": 95, "fields": {"name": "Can delete upcoming issue", "content_type": 24, "codename": "delete_upcomingissue"}}, {"model": "auth.permission", "pk": 96, "fields": {"name": "Can view upcoming issue", "content_type": 24, "codename": "view_upcomingissue"}}, {"model": "auth.permission", "pk": 97, "fields": {"name": "Can add trainer", "content_type": 25, "codename": "add_trainer"}}, {"model": "auth.permission", "pk": 98, "fields": {"name": "Can change trainer", "content_type": 25, "codename": "change_trainer"}}, {"model": "auth.permission", "pk": 99, "fields": {"name": "Can delete trainer", "content_type": 25, "codename": "delete_trainer"}}, {"model": "auth.permission", "pk": 100, "fields": {"name": "Can view trainer", "content_type": 25, "codename": "view_trainer"}}, {"model": "auth.permission", "pk": 101, "fields": {"name": "Can add training", "content_type": 26, "codename": "add_training"}}, {"model": "auth.permission", "pk": 102, "fields": {"name": "Can change training", "content_type": 26, "codename": "change_training"}}, {"model": "auth.permission", "pk": 103, "fields": {"name": "Can delete training", "content_type": 26, "codename": "delete_training"}}, {"model": "auth.permission", "pk": 104, "fields": {"name": "Can view training", "content_type": 26, "codename": "view_training"}}, {"model": "auth.permission", "pk": 105, "fields": {"name": "Can add training type", "content_type": 27, "codename": "add_trainingtype"}}, {"model": "auth.permission", "pk": 106, "fields": {"name": "Can change training type", "content_type": 27, "codename": "change_trainingtype"}}, {"model": "auth.permission", "pk": 107, "fields": {"name": "Can delete training type", "content_type": 27, "codename": "delete_trainingtype"}}, {"model": "auth.permission", "pk": 108, "fields": {"name": "Can view training type", "content_type": 27, "codename": "view_trainingtype"}}, {"model": "auth.permission", "pk": 109, "fields": {"name": "Can add training report", "content_type": 28, "codename": "add_trainingreport"}}, {"model": "auth.permission", "pk": 110, "fields": {"name": "Can change training report", "content_type": 28, "codename": "change_trainingreport"}}, {"model": "auth.permission", "pk": 111, "fields": {"name": "Can delete training report", "content_type": 28, "codename": "delete_trainingreport"}}, {"model": "auth.permission", "pk": 112, "fields": {"name": "Can view training report", "content_type": 28, "codename": "view_trainingreport"}}, {"model": "auth.permission", "pk": 113, "fields": {"name": "Can add trainee", "content_type": 29, "codename": "add_trainee"}}, {"model": "auth.permission", "pk": 114, "fields": {"name": "Can change trainee", "content_type": 29, "codename": "change_trainee"}}, {"model": "auth.permission", "pk": 115, "fields": {"name": "Can delete trainee", "content_type": 29, "codename": "delete_trainee"}}, {"model": "auth.permission", "pk": 116, "fields": {"name": "Can view trainee", "content_type": 29, "codename": "view_trainee"}}, {"model": "auth.permission", "pk": 117, "fields": {"name": "Can add medical check up", "content_type": 30, "codename": "add_medicalcheckup"}}, {"model": "auth.permission", "pk": 118, "fields": {"name": "Can change medical check up", "content_type": 30, "codename": "change_medicalcheckup"}}, {"model": "auth.permission", "pk": 119, "fields": {"name": "Can delete medical check up", "content_type": 30, "codename": "delete_medicalcheckup"}}, {"model": "auth.permission", "pk": 120, "fields": {"name": "Can view medical check up", "content_type": 30, "codename": "view_medicalcheckup"}}, {"model": "contenttypes.contenttype", "pk": 1, "fields": {"app_label": "admin", "model": "logentry"}}, {"model": "contenttypes.contenttype", "pk": 2, "fields": {"app_label": "auth", "model": "permission"}}, {"model": "contenttypes.contenttype", "pk": 3, "fields": {"app_label": "auth", "model": "group"}}, {"model": "contenttypes.contenttype", "pk": 4, "fields": {"app_label": "contenttypes", "model": "contenttype"}}, {"model": "contenttypes.contenttype", "pk": 5, "fields": {"app_label": "sessions", "model": "session"}}, {"model": "contenttypes.contenttype", "pk": 6, "fields": {"app_label": "onboarding", "model": "company"}}, {"model": "contenttypes.contenttype", "pk": 7, "fields": {"app_label": "onboarding", "model": "userprofile"}}, {"model": "contenttypes.contenttype", "pk": 8, "fields": {"app_label": "employee", "model": "employee"}}, {"model": "contenttypes.contenttype", "pk": 9, "fields": {"app_label": "accident", "model": "accidentreport"}}, {"model": "contenttypes.contenttype", "pk": 10, "fields": {"app_label": "accident", "model": "accidentreportedby"}}, {"model": "contenttypes.contenttype", "pk": 11, "fields": {"app_label": "accident", "model": "accidentreporting"}}, {"model": "contenttypes.contenttype", "pk": 12, "fields": {"app_label": "accident", "model": "accidentsupervisor"}}, {"model": "contenttypes.contenttype", "pk": 13, "fields": {"app_label": "accident", "model": "accidenttype"}}, {"model": "contenttypes.contenttype", "pk": 14, "fields": {"app_label": "accident", "model": "permitstatus"}}, {"model": "contenttypes.contenttype", "pk": 15, "fields": {"app_label": "accident", "model": "ppestatus"}}, {"model": "contenttypes.contenttype", "pk": 16, "fields": {"app_label": "accident", "model": "severity"}}, {"model": "contenttypes.contenttype", "pk": 17, "fields": {"app_label": "accident", "model": "accidentworkman"}}, {"model": "contenttypes.contenttype", "pk": 18, "fields": {"app_label": "ITEM", "model": "issuedthings"}}, {"model": "contenttypes.contenttype", "pk": 19, "fields": {"app_label": "ITEM", "model": "issuedtoemployee"}}, {"model": "contenttypes.contenttype", "pk": 20, "fields": {"app_label": "ITEM", "model": "item"}}, {"model": "contenttypes.contenttype", "pk": 21, "fields": {"app_label": "ITEM", "model": "itemtype"}}, {"model": "contenttypes.contenttype", "pk": 22, "fields": {"app_label": "ITEM", "model": "newissuance"}}, {"model": "contenttypes.contenttype", "pk": 23, "fields": {"app_label": "ITEM", "model": "itemvalidity"}}, {"model": "contenttypes.contenttype", "pk": 24, "fields": {"app_label": "ITEM", "model": "upcomingissue"}}, {"model": "contenttypes.contenttype", "pk": 25, "fields": {"app_label": "trainings", "model": "trainer"}}, {"model": "contenttypes.contenttype", "pk": 26, "fields": {"app_label": "trainings", "model": "training"}}, {"model": "contenttypes.contenttype", "pk": 27, "fields": {"app_label": "trainings", "model": "trainingtype"}}, {"model": "contenttypes.contenttype", "pk": 28, "fields": {"app_label": "trainings", "model": "trainingreport"}}, {"model": "contenttypes.contenttype", "pk": 29, "fields": {"app_label": "trainings", "model": "trainee"}}, {"model": "contenttypes.contenttype", "pk": 30, "fields": {"app_label": "medical", "model": "medicalcheckup"}}, {"model": "sessions.session", "pk": "glt29qax4s67lhsl2h6y8ee7s7w6gw9a", "fields": {"session_data": ".eJxVjMsOwiAQRf-FtSEwTBlw6d5vaIaBStXQpI-V8d-1SRe6veec-1I9b2vtt6XM_ZjVWYE6_W6J5VHaDvKd223SMrV1HpPeFX3QRV-nXJ6Xw_07qLzUbx1cAIsOxDm0OVEcwIOALcQsQoReTJAYCTBjZ4YSIBgyHpPHjoXU-wO1Zja3:1sdapi:P_Kc1krwBZXeuzoGNDiUuxaYcnAGV_x6dsN7jSn0xJI", "expire_date": "2024-08-26T19:35:58.408Z"}}, {"model": "sessions.session", "pk": "nop66pg06i8emzq8wgg0affg5ffljx31", "fields": {"session_data": ".eJxVjMsOwiAQRf-FtSEwTBlw6d5vaIaBStXQpI-V8d-1SRe6veec-1I9b2vtt6XM_ZjVWYE6_W6J5VHaDvKd223SMrV1HpPeFX3QRV-nXJ6Xw_07qLzUbx1cAIsOxDm0OVEcwIOALcQsQoReTJAYCTBjZ4YSIBgyHpPHjoXU-wO1Zja3:1scTVf:JvqED-At8J6PIxH1Xcm_ggnme09pFFpwR55LOtz2llE", "expire_date": "2024-08-23T17:34:39.312Z"}}, {"model": "sessions.session", "pk": "v6nwpi9ijh1dbpqifdwbteji2xwusdmi", "fields": {"session_data": ".eJxVjEsOAiEQBe_C2pCGVj4u3XsG0tAgowaSYWZlvLtOMgvdvqp6LxFoXWpYR57DxOIslBKH3zFSeuS2Eb5Tu3WZelvmKcpNkTsd8to5Py-7-3dQadRvrUtCPFr0cALnIirSznhd0FOxNjKwzqw0GuM4cQFloDCAdzECFlLi_QHlWzeV:1tS9VC:oC7dgDwMV_SXBzwdnOmgPuv4reyEQtKumcUezPXh0Rw", "expire_date": "2025-01-13T06:43:46.266Z"}}, {"model": "sessions.session", "pk": "z87c4t55gn54m9briwzapaqu6jp01fnx", "fields": {"session_data": ".eJxVjEsOAiEQBe_C2pCGVj4u3XsG0tAgowaSYWZlvLtOMgvdvqp6LxFoXWpYR57DxOIslBKH3zFSeuS2Eb5Tu3WZelvmKcpNkTsd8to5Py-7-3dQadRvrUtCPFr0cALnIirSznhd0FOxNjKwzqw0GuM4cQFloDCAdzECFlLi_QHlWzeV:1tM2Lx:qaBnllP5twgFB8d4FgkHFPixfPZdnvcQPb3oUnCv0Q4", "expire_date": "2024-12-27T09:52:57.870Z"}}, {"model": "onboarding.company", "pk": "1", "fields": {"name": "Novazen", "logo": "", "email": "binaryscriber@gmail.com", "mobile_number": "9999999999", "address": "", "is_active": true, "registered_at": "2024-07-30T18:37:05.945Z"}}, {"model": "onboarding.company", "pk": "com10", "fields": {"name": "cocacola", "logo": "", "email": "coke@gmail.com", "mobile_number": "9123456789", "address": "BBS", "is_active": true, "registered_at": "2024-07-31T07:03:44Z"}}, {"model": "onboarding.company", "pk": "cttc1234", "fields": {"name": "Supercool", "logo": "", "email": "supercool@gmail.com", "mobile_number": "8888888888", "address": "For a supercool company, address is awesome.", "is_active": true, "registered_at": "2024-07-30T19:24:39Z"}}, {"model": "onboarding.company", "pk": "pepsi", "fields": {"name": "Pepsi", "logo": "media/company_logos/0a2af1e5c4c9458a62ea5e3a1af508e83a25a63bd9aa397a00c9f579891467d8.jpg", "email": "admin@pepsi.com", "mobile_number": "123457809", "address": "Pespi Co. Ltd.", "is_active": true, "registered_at": "2024-08-11T06:44:11Z"}}, {"model": "onboarding.userprofile", "pk": 2, "fields": {"password": "pbkdf2_sha256$600000$clWNGvE5GdzCfigdBNE7IO$2FSaoeCacCOOkMFzLQHbah4Fb0ijj6kWRxDFkpPGztM=", "last_login": "2024-08-12T19:35:58.272Z", "is_superuser": true, "whitelevel_id": null, "mobile_number": "9999999999", "email": "bs@gmail.com", "name": "Binary", "role": 1, "is_active": true, "is_staff": true, "registered_at": "2024-07-30T19:14:43.590Z", "groups": [], "user_permissions": []}}, {"model": "onboarding.userprofile", "pk": 3, "fields": {"password": "pbkdf2_sha256$600000$XzvEMcNcLv9mflS1zQvFkY$edlRNjBRI/2SdLHMNMFo7OWURQo7WD5tXXRAllgCogA=", "last_login": "2024-07-31T07:03:35.819Z", "is_superuser": false, "whitelevel_id": "cttc1234", "mobile_number": "8888888888", "email": "supercool@gmail.com", "name": "Supercool", "role": 2, "is_active": true, "is_staff": true, "registered_at": "2024-07-30T19:26:49.496Z", "groups": [], "user_permissions": []}}, {"model": "onboarding.userprofile", "pk": 4, "fields": {"password": "pbkdf2_sha256$720000$1vdQCVdLE5CaI8rkq8LV6I$QTAx1kC7D9q2nhig23lUH33an6vcWwPhho0qHqjHvGs=", "last_login": null, "is_superuser": false, "whitelevel_id": "com10", "mobile_number": "9123456789", "email": "admin@coke.com", "name": "admin", "role": 2, "is_active": true, "is_staff": false, "registered_at": "2024-07-31T07:05:26.685Z", "groups": [], "user_permissions": []}}, {"model": "onboarding.userprofile", "pk": 5, "fields": {"password": "pbkdf2_sha256$720000$JnbYyLTFjNvX6VwyFMOup9$sUVJxemn7wAlIZJfiS2vYAKIV25Vpr7X3U4VzCPyIKY=", "last_login": null, "is_superuser": false, "whitelevel_id": "com10", "mobile_number": "8123456789", "email": "op@coke.com", "name": "operator", "role": 3, "is_active": true, "is_staff": false, "registered_at": "2024-07-31T07:06:03.348Z", "groups": [], "user_permissions": []}}, {"model": "onboarding.userprofile", "pk": 6, "fields": {"password": "pbkdf2_sha256$720000$zOgWTrxSDS82RSokqG4h1l$eAX56N/LEQWJq6G8H/x0EAqP/ZHQP7iLj5WPhhL51yo=", "last_login": null, "is_superuser": false, "whitelevel_id": "com10", "mobile_number": "7123456789", "email": "viewer@coke.com", "name": "viewer", "role": 4, "is_active": true, "is_staff": false, "registered_at": "2024-07-31T07:06:35.338Z", "groups": [], "user_permissions": []}}, {"model": "onboarding.userprofile", "pk": 7, "fields": {"password": "pass@1234", "last_login": null, "is_superuser": false, "whitelevel_id": "1", "mobile_number": "4444444444", "email": "kitty@gmail.com", "name": "kitty", "role": 2, "is_active": true, "is_staff": false, "registered_at": "2024-08-03T19:18:25.522Z", "groups": [], "user_permissions": []}}, {"model": "onboarding.userprofile", "pk": 8, "fields": {"password": "pbkdf2_sha256$720000$2rClYVuzn4AkZQxiIqC3Fl$UJozi8z+9AsLS8tiBaROMji6e1rcYaRyy8XS89PhdsA=", "last_login": null, "is_superuser": false, "whitelevel_id": "pepsi", "mobile_number": "6123456789", "email": "admin@pepsi.com", "name": "admin", "role": 2, "is_active": true, "is_staff": false, "registered_at": "2024-07-31T07:05:26.685Z", "groups": [], "user_permissions": []}}, {"model": "onboarding.userprofile", "pk": 9, "fields": {"password": "pbkdf2_sha256$720000$JnbYyLTFjNvX6VwyFMOup9$sUVJxemn7wAlIZJfiS2vYAKIV25Vpr7X3U4VzCPyIKY=", "last_login": null, "is_superuser": false, "whitelevel_id": "pepsi", "mobile_number": "5123456789", "email": "op@pepsi.com", "name": "operator", "role": 3, "is_active": true, "is_staff": false, "registered_at": "2024-07-31T07:06:03.348Z", "groups": [], "user_permissions": []}}, {"model": "onboarding.userprofile", "pk": 10, "fields": {"password": "pbkdf2_sha256$720000$zOgWTrxSDS82RSokqG4h1l$eAX56N/LEQWJq6G8H/x0EAqP/ZHQP7iLj5WPhhL51yo=", "last_login": null, "is_superuser": false, "whitelevel_id": "pepsi", "mobile_number": "4123456789", "email": "viewer@pespi.com", "name": "viewer", "role": 4, "is_active": true, "is_staff": false, "registered_at": "2024-07-31T07:06:35.338Z", "groups": [], "user_permissions": []}}, {"model": "onboarding.userprofile", "pk": 11, "fields": {"password": "pbkdf2_sha256$720000$IwaEN6Xn1d2cnhqVUyNLaC$I1vVdkKTsrU1az2/yLwZr8xtmFqF85cpA7trtfCij74=", "last_login": "2024-12-30T06:43:46.255Z", "is_superuser": true, "whitelevel_id": null, "mobile_number": "8280844719", "email": "daring.dk420@gmail.com", "name": "Debendra Behera", "role": 1, "is_active": true, "is_staff": true, "registered_at": "2024-12-13T09:52:04.221Z", "groups": [], "user_permissions": []}}, {"model": "employee.employee", "pk": 6, "fields": {"employee_id": "1", "whitelevel_id": "com10", "employee_name": "Pratyukti dhal", "email": "pratyukti@gmail.com", "phonenumber": "8978765654", "address": "BBSR Chandrasekhar Pur VIM-777", "is_active": true}}, {"model": "employee.employee", "pk": 7, "fields": {"employee_id": "2", "whitelevel_id": "com10", "employee_name": "Saipriya sahoo", "email": "sai@gmail.com", "phonenumber": "7865454323", "address": "kendrapada lig-90", "is_active": true}}, {"model": "employee.employee", "pk": 8, "fields": {"employee_id": "3", "whitelevel_id": "com10", "employee_name": "Itishree deogam", "email": "iti@gmail.com", "phonenumber": "7843232123", "address": "AtPo- BBSR Pin- 751021", "is_active": true}}, {"model": "employee.employee", "pk": 9, "fields": {"employee_id": "emp_001", "whitelevel_id": "com10", "employee_name": "Sasmita das", "email": "sasmita@gmail.com", "phonenumber": "7865454323", "address": "Bhubaneswar lig-90", "is_active": true}}, {"model": "employee.employee", "pk": 10, "fields": {"employee_id": "0", "whitelevel_id": "pepsi", "employee_name": "Pseudo trainer employee", "email": "pepsi_pseudo_employee@pepsi.com", "phonenumber": "0000000000", "address": "Pepsi Co Ltd.", "is_active": true}}, {"model": "employee.employee", "pk": 11, "fields": {"employee_id": "0", "whitelevel_id": "com10", "employee_name": "Pseudo trainer employee", "email": "com10_pseudo_employee@com10.com", "phonenumber": "0000000000", "address": "com10 Co Ltd.", "is_active": true}}, {"model": "employee.employee", "pk": 12, "fields": {"employee_id": "4", "whitelevel_id": "com10", "employee_name": "Abhilash", "email": "sadasd@gmil.com", "phonenumber": "3121286800", "address": "mumbai mumbai", "is_active": true}}, {"model": "employee.employee", "pk": 13, "fields": {"employee_id": "5", "whitelevel_id": "com10", "employee_name": "Prikshyit", "email": "", "phonenumber": "0987654321", "address": "lkjhgfdszadzfghjkljhgfdx", "is_active": true}}, {"model": "employee.employee", "pk": 14, "fields": {"employee_id": "6", "whitelevel_id": "com10", "employee_name": "Jhgfds", "email": "", "phonenumber": "0987654321", "address": "kjhgfdsfghjikojhb", "is_active": true}}, {"model": "employee.employee", "pk": 15, "fields": {"employee_id": "008", "whitelevel_id": "com10", "employee_name": "Jhgyft", "email": "hg@gmail.com", "phonenumber": "0987654321", "address": "AT-khapuriapada po-kumbhirigadia ps -jajpur road", "is_active": true}}, {"model": "employee.employee", "pk": 16, "fields": {"employee_id": "23", "whitelevel_id": "com10", "employee_name": "Dewef", "email": "ejeh@gmail.com", "phonenumber": "9876543210", "address": "ghwshuqw ygewhdew hegh", "is_active": true}}, {"model": "employee.employee", "pk": 17, "fields": {"employee_id": "234", "whitelevel_id": "com10", "employee_name": "Smndbhga", "email": "asdgh@gmail.com", "phonenumber": "7682904002", "address": "AT-khapuriapada po-kumbhirigadia ps -jajpur road", "is_active": true}}, {"model": "employee.employee", "pk": 18, "fields": {"employee_id": "235", "whitelevel_id": "com10", "employee_name": "Gysug", "email": "bsfhg@gmail.com", "phonenumber": "7682904002", "address": "AT-khapuriapada po-kumbhirigadia ps -jajpur road", "is_active": true}}, {"model": "accident.accidenttype", "pk": 1, "fields": {"accident_type": "Near Miss"}}, {"model": "accident.accidenttype", "pk": 2, "fields": {"accident_type": "Accident"}}, {"model": "accident.accidenttype", "pk": 3, "fields": {"accident_type": "Violation"}}, {"model": "accident.permitstatus", "pk": 1, "fields": {"status_type": "Valid"}}, {"model": "accident.permitstatus", "pk": 2, "fields": {"status_type": "Not Required"}}, {"model": "accident.permitstatus", "pk": 3, "fields": {"status_type": "No Permit"}}, {"model": "accident.permitstatus", "pk": 4, "fields": {"status_type": "Expired"}}, {"model": "accident.severity", "pk": 1, "fields": {"severity_type": "Minor"}}, {"model": "accident.severity", "pk": 2, "fields": {"severity_type": "Moderate"}}, {"model": "accident.severity", "pk": 3, "fields": {"severity_type": "Severe"}}, {"model": "accident.severity", "pk": 4, "fields": {"severity_type": "Critical"}}, {"model": "accident.severity", "pk": 5, "fields": {"severity_type": "Fatal"}}, {"model": "accident.ppestatus", "pk": 1, "fields": {"ppe_type": "OK"}}, {"model": "accident.ppestatus", "pk": 2, "fields": {"ppe_type": "Faulty"}}, {"model": "accident.accidentreporting", "pk": 1, "fields": {"accident_reporting_date": "2024-08-10", "accident_id": "Acc89/90", "accident_type": 2, "severity": 4, "permit_status": 4, "ppe_status": 2, "toolbox_train": false, "toolbox_reference_number": null, "accident_image": "", "about_the_accident": "accident reporting", "whitelevel": "com10"}}, {"model": "accident.accidentreporting", "pk": 2, "fields": {"accident_reporting_date": "2024-08-10", "accident_id": "Acc89/9", "accident_type": 2, "severity": 4, "permit_status": 4, "ppe_status": 2, "toolbox_train": false, "toolbox_reference_number": null, "accident_image": "", "about_the_accident": "accident reporting", "whitelevel": "com10"}}, {"model": "accident.accidentreporting", "pk": 3, "fields": {"accident_reporting_date": "2024-08-26", "accident_id": "Acc1231231", "accident_type": 2, "severity": 1, "permit_status": 4, "ppe_status": 2, "toolbox_train": false, "toolbox_reference_number": null, "accident_image": "", "about_the_accident": "AASDASFA", "whitelevel": "com10"}}, {"model": "accident.accidentreporting", "pk": 4, "fields": {"accident_reporting_date": "2024-08-27", "accident_id": "Acc132123123", "accident_type": 2, "severity": 1, "permit_status": 4, "ppe_status": 2, "toolbox_train": false, "toolbox_reference_number": null, "accident_image": "", "about_the_accident": "sdasdasd", "whitelevel": "com10"}}, {"model": "accident.accidentreporting", "pk": 5, "fields": {"accident_reporting_date": "2024-08-27", "accident_id": "Acc1321231232q3", "accident_type": 2, "severity": 1, "permit_status": 4, "ppe_status": 2, "toolbox_train": false, "toolbox_reference_number": null, "accident_image": "", "about_the_accident": "sdasdasd", "whitelevel": "com10"}}, {"model": "accident.accidentreporting", "pk": 6, "fields": {"accident_reporting_date": "2024-08-27", "accident_id": "Accqwertyuiop", "accident_type": 2, "severity": 2, "permit_status": 3, "ppe_status": 1, "toolbox_train": false, "toolbox_reference_number": null, "accident_image": "", "about_the_accident": "easdasas", "whitelevel": "com10"}}, {"model": "accident.accidentreporting", "pk": 7, "fields": {"accident_reporting_date": "2024-12-04", "accident_id": "Acc5677", "accident_type": 2, "severity": 1, "permit_status": 4, "ppe_status": 2, "toolbox_train": false, "toolbox_reference_number": null, "accident_image": "", "about_the_accident": ";loikujhyg", "whitelevel": "com10"}}, {"model": "accident.accidentreporting", "pk": 8, "fields": {"accident_reporting_date": "2024-12-10", "accident_id": "Acc45677", "accident_type": 2, "severity": 3, "permit_status": 4, "ppe_status": 2, "toolbox_train": false, "toolbox_reference_number": null, "accident_image": "", "about_the_accident": "swdjhwquh", "whitelevel": "com10"}}, {"model": "accident.accidentreporting", "pk": 9, "fields": {"accident_reporting_date": "2024-12-10", "accident_id": "Acc345", "accident_type": 2, "severity": 3, "permit_status": 4, "ppe_status": 2, "toolbox_train": false, "toolbox_reference_number": null, "accident_image": "accident_images/accident_image.jpg", "about_the_accident": "d,fmoijewj", "whitelevel": "com10"}}, {"model": "accident.accidentreporting", "pk": 10, "fields": {"accident_reporting_date": "2024-12-10", "accident_id": "Acc34579", "accident_type": 2, "severity": 3, "permit_status": 4, "ppe_status": 2, "toolbox_train": false, "toolbox_reference_number": null, "accident_image": "accident_images/accident_image_ev9Dt0y.jpg", "about_the_accident": "feerfref", "whitelevel": "com10"}}, {"model": "accident.accidentreporting", "pk": 11, "fields": {"accident_reporting_date": "2024-12-10", "accident_id": "Accvio345", "accident_type": 1, "severity": null, "permit_status": null, "ppe_status": null, "toolbox_train": false, "toolbox_reference_number": null, "accident_image": "accident_images/accident_image_KCQaDHp.jpg", "about_the_accident": "smndjahd", "whitelevel": "com10"}}, {"model": "accident.accidentreporting", "pk": 12, "fields": {"accident_reporting_date": "2024-12-10", "accident_id": "AccSafetyVio", "accident_type": 3, "severity": null, "permit_status": null, "ppe_status": null, "toolbox_train": false, "toolbox_reference_number": null, "accident_image": "accident_images/accident_image_ml3jFWl.jpg", "about_the_accident": "tgyuweg", "whitelevel": "com10"}}, {"model": "accident.accidentreporting", "pk": 13, "fields": {"accident_reporting_date": "2024-12-31", "accident_id": "Acc9090", "accident_type": 2, "severity": 2, "permit_status": 4, "ppe_status": 2, "toolbox_train": false, "toolbox_reference_number": null, "accident_image": "", "about_the_accident": "", "whitelevel": "com10"}}, {"model": "accident.accidentreportedby", "pk": 1, "fields": {"accident": 1, "employee": null, "employee_name": "Jiban Das"}}, {"model": "accident.accidentreportedby", "pk": 2, "fields": {"accident": 1, "employee": 6, "employee_name": "Pratyukti dhal"}}, {"model": "accident.accidentreportedby", "pk": 3, "fields": {"accident": 2, "employee": null, "employee_name": "Jiban Das"}}, {"model": "accident.accidentreportedby", "pk": 4, "fields": {"accident": 2, "employee": 6, "employee_name": "Pratyukti dhal"}}, {"model": "accident.accidentreportedby", "pk": 5, "fields": {"accident": 3, "employee": null, "employee_name": "Abhila"}}, {"model": "accident.accidentreportedby", "pk": 6, "fields": {"accident": 4, "employee": 11, "employee_name": "Google"}}, {"model": "accident.accidentreportedby", "pk": 7, "fields": {"accident": 5, "employee": 11, "employee_name": "Google"}}, {"model": "accident.accidentreportedby", "pk": 8, "fields": {"accident": 6, "employee": 11, "employee_name": "User123"}}, {"model": "accident.accidentreportedby", "pk": 9, "fields": {"accident": 7, "employee": 7, "employee_name": "Saipriya sahoo"}}, {"model": "accident.accidentreportedby", "pk": 10, "fields": {"accident": 8, "employee": 6, "employee_name": "Pratyukti dhal"}}, {"model": "accident.accidentreportedby", "pk": 11, "fields": {"accident": 9, "employee": 17, "employee_name": "Smndbhga"}}, {"model": "accident.accidentreportedby", "pk": 12, "fields": {"accident": 10, "employee": 17, "employee_name": "Smndbhga"}}, {"model": "accident.accidentreportedby", "pk": 13, "fields": {"accident": 11, "employee": 17, "employee_name": "Smndbhga"}}, {"model": "accident.accidentreportedby", "pk": 14, "fields": {"accident": 12, "employee": 17, "employee_name": "Smndbhga"}}, {"model": "accident.accidentreportedby", "pk": 15, "fields": {"accident": 13, "employee": 7, "employee_name": "Saipriya sahoo"}}, {"model": "accident.accidentworkman", "pk": 1, "fields": {"accident": 1, "employee": null, "employee_name": "amisa"}}, {"model": "accident.accidentworkman", "pk": 2, "fields": {"accident": 1, "employee": 7, "employee_name": "Saipriya sahoo"}}, {"model": "accident.accidentworkman", "pk": 3, "fields": {"accident": 2, "employee": null, "employee_name": "amisa"}}, {"model": "accident.accidentworkman", "pk": 4, "fields": {"accident": 2, "employee": 7, "employee_name": "Saipriya sahoo"}}, {"model": "accident.accidentworkman", "pk": 5, "fields": {"accident": 3, "employee": 6, "employee_name": "Pratyukti dhal"}}, {"model": "accident.accidentworkman", "pk": 6, "fields": {"accident": 5, "employee": 6, "employee_name": "Pratyukti dhal"}}, {"model": "accident.accidentworkman", "pk": 7, "fields": {"accident": 6, "employee": 6, "employee_name": "Pratyukti dhal"}}, {"model": "accident.accidentworkman", "pk": 8, "fields": {"accident": 7, "employee": 7, "employee_name": "Saipriya sahoo"}}, {"model": "accident.accidentworkman", "pk": 9, "fields": {"accident": 8, "employee": 7, "employee_name": "Saipriya sahoo"}}, {"model": "accident.accidentworkman", "pk": 10, "fields": {"accident": 9, "employee": 7, "employee_name": "Saipriya sahoo"}}, {"model": "accident.accidentworkman", "pk": 11, "fields": {"accident": 10, "employee": 17, "employee_name": "Smndbhga"}}, {"model": "accident.accidentworkman", "pk": 12, "fields": {"accident": 11, "employee": 17, "employee_name": "Smndbhga"}}, {"model": "accident.accidentworkman", "pk": 13, "fields": {"accident": 12, "employee": 17, "employee_name": "Smndbhga"}}, {"model": "accident.accidentworkman", "pk": 14, "fields": {"accident": 13, "employee": 6, "employee_name": "Pratyukti dhal"}}, {"model": "accident.accidentsupervisor", "pk": 1, "fields": {"accident": 1, "employee": null, "employee_name": "Itishree deogam"}}, {"model": "accident.accidentsupervisor", "pk": 2, "fields": {"accident": 2, "employee": null, "employee_name": "Itishree deogam"}}, {"model": "accident.accidentsupervisor", "pk": 3, "fields": {"accident": 2, "employee": null, "employee_name": ""}}, {"model": "accident.accidentsupervisor", "pk": 4, "fields": {"accident": 3, "employee": 7, "employee_name": "Saipriya sahoo"}}, {"model": "accident.accidentsupervisor", "pk": 5, "fields": {"accident": 5, "employee": 7, "employee_name": "Saipriya sahoo"}}, {"model": "accident.accidentsupervisor", "pk": 6, "fields": {"accident": 6, "employee": 7, "employee_name": "Saipriya sahoo"}}, {"model": "accident.accidentsupervisor", "pk": 7, "fields": {"accident": 7, "employee": 7, "employee_name": "Saipriya sahoo"}}, {"model": "accident.accidentsupervisor", "pk": 8, "fields": {"accident": 8, "employee": 8, "employee_name": "Itishree deogam"}}, {"model": "accident.accidentsupervisor", "pk": 9, "fields": {"accident": 9, "employee": 6, "employee_name": "Pratyukti dhal"}}, {"model": "accident.accidentsupervisor", "pk": 10, "fields": {"accident": 10, "employee": 7, "employee_name": "Saipriya sahoo"}}, {"model": "accident.accidentsupervisor", "pk": 11, "fields": {"accident": 11, "employee": 8, "employee_name": "Itishree deogam"}}, {"model": "accident.accidentsupervisor", "pk": 12, "fields": {"accident": 12, "employee": 12, "employee_name": "Abhilash"}}, {"model": "accident.accidentsupervisor", "pk": 13, "fields": {"accident": 13, "employee": 8, "employee_name": "Itishree deogam"}}, {"model": "accident.accidentreport", "pk": 1, "fields": {"accident_report_date": "2024-08-10", "whitelevel_id": "com10", "accident_type": 2, "severity": 4, "accident_id": 1, "workmen_involved": []}}, {"model": "accident.accidentreport", "pk": 2, "fields": {"accident_report_date": "2024-08-10", "whitelevel_id": "com10", "accident_type": 2, "severity": 4, "accident_id": 2, "workmen_involved": []}}, {"model": "accident.accidentreport", "pk": 3, "fields": {"accident_report_date": "2024-08-26", "whitelevel_id": "com10", "accident_type": 2, "severity": 1, "accident_id": 3, "workmen_involved": []}}, {"model": "accident.accidentreport", "pk": 4, "fields": {"accident_report_date": "2024-08-27", "whitelevel_id": "com10", "accident_type": 2, "severity": 1, "accident_id": 4, "workmen_involved": []}}, {"model": "accident.accidentreport", "pk": 5, "fields": {"accident_report_date": "2024-08-27", "whitelevel_id": "com10", "accident_type": 2, "severity": 1, "accident_id": 5, "workmen_involved": []}}, {"model": "accident.accidentreport", "pk": 6, "fields": {"accident_report_date": "2024-08-27", "whitelevel_id": "com10", "accident_type": 2, "severity": 2, "accident_id": 6, "workmen_involved": []}}, {"model": "accident.accidentreport", "pk": 7, "fields": {"accident_report_date": "2024-12-04", "whitelevel_id": "com10", "accident_type": 2, "severity": 1, "accident_id": 7, "workmen_involved": []}}, {"model": "accident.accidentreport", "pk": 8, "fields": {"accident_report_date": "2024-12-10", "whitelevel_id": "com10", "accident_type": 2, "severity": 3, "accident_id": 8, "workmen_involved": []}}, {"model": "accident.accidentreport", "pk": 9, "fields": {"accident_report_date": "2024-12-10", "whitelevel_id": "com10", "accident_type": 2, "severity": 3, "accident_id": 9, "workmen_involved": []}}, {"model": "accident.accidentreport", "pk": 10, "fields": {"accident_report_date": "2024-12-10", "whitelevel_id": "com10", "accident_type": 2, "severity": 3, "accident_id": 10, "workmen_involved": []}}, {"model": "accident.accidentreport", "pk": 11, "fields": {"accident_report_date": "2024-12-10", "whitelevel_id": "com10", "accident_type": 1, "severity": null, "accident_id": 11, "workmen_involved": []}}, {"model": "accident.accidentreport", "pk": 12, "fields": {"accident_report_date": "2024-12-10", "whitelevel_id": "com10", "accident_type": 3, "severity": null, "accident_id": 12, "workmen_involved": []}}, {"model": "accident.accidentreport", "pk": 13, "fields": {"accident_report_date": "2024-12-31", "whitelevel_id": "com10", "accident_type": 2, "severity": 2, "accident_id": 13, "workmen_involved": []}}, {"model": "ITEM.itemtype", "pk": 1, "fields": {"item_type_name": "Tool"}}, {"model": "ITEM.itemtype", "pk": 2, "fields": {"item_type_name": "PPE"}}, {"model": "ITEM.itemtype", "pk": 3, "fields": {"item_type_name": "Dress"}}, {"model": "ITEM.item", "pk": 1, "fields": {"item_name": "Hammer", "item_type": 1}}, {"model": "ITEM.item", "pk": 2, "fields": {"item_name": "Plier", "item_type": 1}}, {"model": "ITEM.item", "pk": 3, "fields": {"item_name": "Clamp Meter", "item_type": 1}}, {"model": "ITEM.item", "pk": 4, "fields": {"item_name": "Helmet", "item_type": 2}}, {"model": "ITEM.item", "pk": 5, "fields": {"item_name": "Shoe", "item_type": 2}}, {"model": "ITEM.item", "pk": 6, "fields": {"item_name": "Gloves", "item_type": 2}}, {"model": "ITEM.item", "pk": 7, "fields": {"item_name": "Dress", "item_type": 3}}, {"model": "ITEM.item", "pk": 8, "fields": {"item_name": "Jacket", "item_type": 3}}, {"model": "ITEM.item", "pk": 9, "fields": {"item_name": "Reflecting Jacket", "item_type": 3}}, {"model": "ITEM.item", "pk": 10, "fields": {"item_name": "Rain Coat", "item_type": 3}}, {"model": "ITEM.item", "pk": 11, "fields": {"item_name": "Bag for tools with separate compartments", "item_type": 1}}, {"model": "ITEM.item", "pk": 12, "fields": {"item_name": "Plier Nose 125 MM", "item_type": 1}}, {"model": "ITEM.item", "pk": 13, "fields": {"item_name": "Plier 8 inch", "item_type": 1}}, {"model": "ITEM.item", "pk": 14, "fields": {"item_name": "Wire Cutter", "item_type": 1}}, {"model": "ITEM.item", "pk": 15, "fields": {"item_name": "Knife", "item_type": 1}}, {"model": "ITEM.item", "pk": 16, "fields": {"item_name": "Chisel", "item_type": 1}}, {"model": "ITEM.item", "pk": 17, "fields": {"item_name": "Line Tester", "item_type": 1}}, {"model": "ITEM.item", "pk": 18, "fields": {"item_name": "Screw driver big 14\"", "item_type": 1}}, {"model": "ITEM.item", "pk": 19, "fields": {"item_name": "Screw driver Small 8 \"", "item_type": 1}}, {"model": "ITEM.item", "pk": 20, "fields": {"item_name": "Screw driver 10รถ", "item_type": 1}}, {"model": "ITEM.item", "pk": 21, "fields": {"item_name": "Cleaning Brush", "item_type": 1}}, {"model": "ITEM.item", "pk": 22, "fields": {"item_name": "Lens Convex", "item_type": 1}}, {"model": "ITEM.item", "pk": 23, "fields": {"item_name": "Mirror 4\"x 6\"", "item_type": 1}}, {"model": "ITEM.item", "pk": 24, "fields": {"item_name": "Hacksaw Big", "item_type": 1}}, {"model": "ITEM.item", "pk": 25, "fields": {"item_name": "Hacksaw Small", "item_type": 1}}, {"model": "ITEM.item", "pk": 26, "fields": {"item_name": "Double test lamp", "item_type": 1}}, {"model": "ITEM.item", "pk": 27, "fields": {"item_name": "Measuring Tape 50 M", "item_type": 1}}, {"model": "ITEM.item", "pk": 28, "fields": {"item_name": "Heater/heating element 2 KW Single phase", "item_type": 1}}, {"model": "ITEM.item", "pk": 29, "fields": {"item_name": "Torch big 4 cell rechargeable", "item_type": 1}}, {"model": "ITEM.item", "pk": 30, "fields": {"item_name": "Torch small", "item_type": 1}}, {"model": "ITEM.item", "pk": 31, "fields": {"item_name": "Clamp on meter รปMultifunction", "item_type": 1}}, {"model": "ITEM.item", "pk": 32, "fields": {"item_name": "Dhoti for cleaning", "item_type": 1}}, {"model": "ITEM.item", "pk": 33, "fields": {"item_name": "CMRI(Specification attached)", "item_type": 1}}, {"model": "ITEM.item", "pk": 34, "fields": {"item_name": "PVC tapes\n", "item_type": 1}}, {"model": "ITEM.item", "pk": 35, "fields": {"item_name": "Magnifying Glass", "item_type": 1}}, {"model": "ITEM.item", "pk": 36, "fields": {"item_name": "Gum / Feviquick -250ml", "item_type": 1}}, {"model": "ITEM.item", "pk": 37, "fields": {"item_name": "Pen drive 16GB", "item_type": 1}}, {"model": "ITEM.item", "pk": 38, "fields": {"item_name": "Camera digital at least 20 MP", "item_type": 1}}, {"model": "ITEM.item", "pk": 39, "fields": {"item_name": "Ladder 2 or 3 fold FRP EXTENDABLE- 9-12 M for fitting at Bolero", "item_type": 1}}, {"model": "ITEM.item", "pk": 40, "fields": {"item_name": "Leather bags for REPORTs", "item_type": 1}}, {"model": "ITEM.item", "pk": 41, "fields": {"item_name": "Four head screw driver (insulated screw driver set is desirable )\n", "item_type": 1}}, {"model": "ITEM.item", "pk": 42, "fields": {"item_name": "Spy camera of good quality with min 16 GB memory card", "item_type": 1}}, {"model": "ITEM.item", "pk": 43, "fields": {"item_name": "Drill Machine with 6.5 sq mm bit", "item_type": 1}}, {"model": "ITEM.item", "pk": 44, "fields": {"item_name": "Saddle 20 mm with nails", "item_type": 1}}, {"model": "ITEM.item", "pk": 45, "fields": {"item_name": "Permanent Marker-01 black and 01 white", "item_type": 1}}, {"model": "ITEM.itemvalidity", "pk": 1, "fields": {"validity_in_days": 365}}, {"model": "ITEM.itemvalidity", "pk": 2, "fields": {"validity_in_days": 365}}, {"model": "ITEM.itemvalidity", "pk": 3, "fields": {"validity_in_days": 365}}, {"model": "ITEM.itemvalidity", "pk": 4, "fields": {"validity_in_days": 365}}, {"model": "ITEM.itemvalidity", "pk": 5, "fields": {"validity_in_days": 180}}, {"model": "ITEM.itemvalidity", "pk": 6, "fields": {"validity_in_days": 120}}, {"model": "ITEM.itemvalidity", "pk": 7, "fields": {"validity_in_days": 180}}, {"model": "ITEM.itemvalidity", "pk": 8, "fields": {"validity_in_days": 200}}, {"model": "ITEM.itemvalidity", "pk": 9, "fields": {"validity_in_days": 200}}, {"model": "ITEM.itemvalidity", "pk": 10, "fields": {"validity_in_days": 365}}, {"model": "ITEM.newissuance", "pk": "12345", "fields": {"white_level_id": "1", "issuance_date": "2024-12-20", "newIssuance_image": "newIssuance_images/image.png", "about_the_newissuance": "NA"}}, {"model": "ITEM.newissuance", "pk": "123AD", "fields": {"white_level_id": "com10", "issuance_date": "2024-12-20", "newIssuance_image": "newIssuance_images/image_WK4j3ho.png", "about_the_newissuance": "NA"}}, {"model": "ITEM.newissuance", "pk": "A234567", "fields": {"white_level_id": "com10", "issuance_date": "2024-12-10", "newIssuance_image": "", "about_the_newissuance": "NA"}}, {"model": "ITEM.newissuance", "pk": "Dev1003", "fields": {"white_level_id": "com10", "issuance_date": "2025-01-07", "newIssuance_image": "newIssuance_images/image_8GJhoHH.png", "about_the_newissuance": "NA"}}, {"model": "ITEM.newissuance", "pk": "Dev120", "fields": {"white_level_id": "com10", "issuance_date": "2024-12-21", "newIssuance_image": "newIssuance_images/image_2lxVvJX.png", "about_the_newissuance": "NA"}}, {"model": "ITEM.newissuance", "pk": "Dev1203", "fields": {"white_level_id": "com10", "issuance_date": "2025-01-07", "newIssuance_image": "newIssuance_images/image_zbQSJpB.png", "about_the_newissuance": "NA"}}, {"model": "ITEM.newissuance", "pk": "Dev128", "fields": {"white_level_id": "com10", "issuance_date": "2024-12-20", "newIssuance_image": "newIssuance_images/image_xxw6dJn.png", "about_the_newissuance": "NA"}}, {"model": "ITEM.newissuance", "pk": "Dev142", "fields": {"white_level_id": "com10", "issuance_date": "2024-12-21", "newIssuance_image": "newIssuance_images/image_btoVYvr.png", "about_the_newissuance": "NA"}}, {"model": "ITEM.newissuance", "pk": "Dev1432", "fields": {"white_level_id": "com10", "issuance_date": "2024-12-20", "newIssuance_image": "newIssuance_images/image_KsN6Ftk.png", "about_the_newissuance": "NA"}}, {"model": "ITEM.newissuance", "pk": "abg89/90", "fields": {"white_level_id": "com10", "issuance_date": "2024-08-10", "newIssuance_image": "", "about_the_newissuance": "NA"}}, {"model": "ITEM.newissuance", "pk": "acffgg", "fields": {"white_level_id": "com10", "issuance_date": "2024-12-10", "newIssuance_image": "", "about_the_newissuance": "NA"}}, {"model": "ITEM.newissuance", "pk": "ass90/8", "fields": {"white_level_id": "com10", "issuance_date": "2024-08-10", "newIssuance_image": "", "about_the_newissuance": "NA"}}, {"model": "ITEM.newissuance", "pk": "coca1234", "fields": {"white_level_id": "com10", "issuance_date": "2024-08-11", "newIssuance_image": "", "about_the_newissuance": "NA"}}, {"model": "ITEM.newissuance", "pk": "dsdd", "fields": {"white_level_id": "com10", "issuance_date": "2024-12-10", "newIssuance_image": "", "about_the_newissuance": "NA"}}, {"model": "ITEM.newissuance", "pk": "hhj90/87", "fields": {"white_level_id": "com10", "issuance_date": "2024-08-10", "newIssuance_image": "", "about_the_newissuance": "NA"}}, {"model": "ITEM.newissuance", "pk": "jh67", "fields": {"white_level_id": "com10", "issuance_date": "2024-12-31", "newIssuance_image": "", "about_the_newissuance": ""}}, {"model": "ITEM.newissuance", "pk": "lkjhgfds", "fields": {"white_level_id": "com10", "issuance_date": "2024-12-10", "newIssuance_image": "", "about_the_newissuance": "NA"}}, {"model": "ITEM.newissuance", "pk": "n0098", "fields": {"white_level_id": "com10", "issuance_date": "2024-12-31", "newIssuance_image": "newIssuance_images/image_4O06Qxv.png", "about_the_newissuance": "description"}}, {"model": "ITEM.newissuance", "pk": "n4321", "fields": {"white_level_id": "com10", "issuance_date": "2024-12-31", "newIssuance_image": "newIssuance_images/image_zHt8k9C.png", "about_the_newissuance": "description...."}}, {"model": "ITEM.newissuance", "pk": "n7654", "fields": {"white_level_id": "com10", "issuance_date": "2024-12-31", "newIssuance_image": "newIssuance_images/image_hARXygi.png", "about_the_newissuance": ""}}, {"model": "ITEM.newissuance", "pk": "new9900", "fields": {"white_level_id": "com10", "issuance_date": "2024-12-30", "newIssuance_image": "newIssuance_images/newIssuance_images/image_jKf8KK5F.png", "about_the_newissuance": "new items"}}, {"model": "ITEM.newissuance", "pk": "tra6677", "fields": {"white_level_id": "com10", "issuance_date": "2024-12-31", "newIssuance_image": "newIssuance_images/image_Thhl7fb.png", "about_the_newissuance": "gvghjghj"}}, {"model": "ITEM.issuedthings", "pk": 61, "fields": {"issue_id": "coca1234", "item": 1, "expiry_date": "2025-08-11"}}, {"model": "ITEM.issuedthings", "pk": 62, "fields": {"issue_id": "coca1234", "item": 2, "expiry_date": "2025-08-11"}}, {"model": "ITEM.issuedthings", "pk": 63, "fields": {"issue_id": "coca1234", "item": 6, "expiry_date": "2024-12-09"}}, {"model": "ITEM.issuedthings", "pk": 64, "fields": {"issue_id": "coca1234", "item": 5, "expiry_date": "2025-02-07"}}, {"model": "ITEM.issuedthings", "pk": 65, "fields": {"issue_id": "coca1234", "item": 8, "expiry_date": "2025-02-27"}}, {"model": "ITEM.issuedthings", "pk": 66, "fields": {"issue_id": "coca1234", "item": 7, "expiry_date": "2025-02-07"}}, {"model": "ITEM.issuedthings", "pk": 67, "fields": {"issue_id": "lkjhgfds", "item": 1, "expiry_date": "2025-12-10"}}, {"model": "ITEM.issuedthings", "pk": 68, "fields": {"issue_id": "lkjhgfds", "item": 2, "expiry_date": "2025-12-10"}}, {"model": "ITEM.issuedthings", "pk": 69, "fields": {"issue_id": "lkjhgfds", "item": 3, "expiry_date": "2025-12-10"}}, {"model": "ITEM.issuedthings", "pk": 70, "fields": {"issue_id": "lkjhgfds", "item": 4, "expiry_date": "2025-12-10"}}, {"model": "ITEM.issuedthings", "pk": 71, "fields": {"issue_id": "lkjhgfds", "item": 5, "expiry_date": "2025-06-08"}}, {"model": "ITEM.issuedthings", "pk": 72, "fields": {"issue_id": "lkjhgfds", "item": 6, "expiry_date": "2025-04-09"}}, {"model": "ITEM.issuedthings", "pk": 73, "fields": {"issue_id": "lkjhgfds", "item": 10, "expiry_date": "2025-12-10"}}, {"model": "ITEM.issuedthings", "pk": 74, "fields": {"issue_id": "lkjhgfds", "item": 9, "expiry_date": "2025-06-28"}}, {"model": "ITEM.issuedthings", "pk": 75, "fields": {"issue_id": "A234567", "item": 4, "expiry_date": "2025-12-10"}}, {"model": "ITEM.issuedthings", "pk": 76, "fields": {"issue_id": "A234567", "item": 5, "expiry_date": "2025-06-08"}}, {"model": "ITEM.issuedthings", "pk": 77, "fields": {"issue_id": "A234567", "item": 6, "expiry_date": "2025-04-09"}}, {"model": "ITEM.issuedthings", "pk": 78, "fields": {"issue_id": "acffgg", "item": 1, "expiry_date": "2025-12-10"}}, {"model": "ITEM.issuedthings", "pk": 79, "fields": {"issue_id": "acffgg", "item": 2, "expiry_date": "2025-12-10"}}, {"model": "ITEM.issuedthings", "pk": 80, "fields": {"issue_id": "acffgg", "item": 9, "expiry_date": "2025-06-28"}}, {"model": "ITEM.issuedthings", "pk": 81, "fields": {"issue_id": "acffgg", "item": 7, "expiry_date": "2025-06-08"}}, {"model": "ITEM.issuedthings", "pk": 82, "fields": {"issue_id": "dsdd", "item": 1, "expiry_date": "2025-12-10"}}, {"model": "ITEM.issuedthings", "pk": 83, "fields": {"issue_id": "dsdd", "item": 2, "expiry_date": "2025-12-10"}}, {"model": "ITEM.issuedthings", "pk": 84, "fields": {"issue_id": "dsdd", "item": 3, "expiry_date": "2025-12-10"}}, {"model": "ITEM.issuedthings", "pk": 85, "fields": {"issue_id": "123AD", "item": 1, "expiry_date": "2025-12-20"}}, {"model": "ITEM.issuedthings", "pk": 86, "fields": {"issue_id": "123AD", "item": 2, "expiry_date": "2025-12-20"}}, {"model": "ITEM.issuedthings", "pk": 87, "fields": {"issue_id": "Dev128", "item": 1, "expiry_date": "2025-12-20"}}, {"model": "ITEM.issuedthings", "pk": 88, "fields": {"issue_id": "Dev128", "item": 2, "expiry_date": "2025-12-20"}}, {"model": "ITEM.issuedthings", "pk": 89, "fields": {"issue_id": "Dev120", "item": 2, "expiry_date": "2025-12-21"}}, {"model": "ITEM.issuedthings", "pk": 90, "fields": {"issue_id": "Dev120", "item": 2, "expiry_date": "2025-12-21"}}, {"model": "ITEM.issuedthings", "pk": 93, "fields": {"issue_id": "Dev142", "item": 2, "expiry_date": "2025-12-21"}}, {"model": "ITEM.issuedthings", "pk": 94, "fields": {"issue_id": "Dev142", "item": 2, "expiry_date": "2025-12-21"}}, {"model": "ITEM.issuedthings", "pk": 121, "fields": {"issue_id": "Dev1432", "item": 1, "expiry_date": "2025-12-20"}}, {"model": "ITEM.issuedthings", "pk": 122, "fields": {"issue_id": "Dev1432", "item": 3, "expiry_date": "2025-12-20"}}, {"model": "ITEM.issuedthings", "pk": 125, "fields": {"issue_id": "n0098", "item": 5, "expiry_date": "2025-06-29"}}, {"model": "ITEM.issuedthings", "pk": 130, "fields": {"issue_id": "tra6677", "item": 2, "expiry_date": "2025-12-31"}}, {"model": "ITEM.issuedthings", "pk": 131, "fields": {"issue_id": "n7654", "item": 1, "expiry_date": "2025-12-31"}}, {"model": "ITEM.issuedthings", "pk": 134, "fields": {"issue_id": "new9900", "item": 3, "expiry_date": "2025-12-30"}}, {"model": "ITEM.issuedthings", "pk": 135, "fields": {"issue_id": "jh67", "item": 1, "expiry_date": "2025-12-31"}}, {"model": "ITEM.issuedthings", "pk": 136, "fields": {"issue_id": "n4321", "item": 1, "expiry_date": "2025-12-31"}}, {"model": "ITEM.issuedthings", "pk": 137, "fields": {"issue_id": "Dev1003", "item": 2, "expiry_date": "2026-01-07"}}, {"model": "ITEM.issuedthings", "pk": 138, "fields": {"issue_id": "Dev1003", "item": 2, "expiry_date": "2026-01-07"}}, {"model": "ITEM.issuedthings", "pk": 139, "fields": {"issue_id": "Dev1203", "item": 2, "expiry_date": "2026-01-07"}}, {"model": "ITEM.issuedthings", "pk": 140, "fields": {"issue_id": "Dev1203", "item": 2, "expiry_date": "2026-01-07"}}, {"model": "ITEM.issuedtoemployee", "pk": 2, "fields": {"issue_id": "coca1234", "employee_id": 6}}, {"model": "ITEM.issuedtoemployee", "pk": 3, "fields": {"issue_id": "lkjhgfds", "employee_id": 17}}, {"model": "ITEM.issuedtoemployee", "pk": 4, "fields": {"issue_id": "A234567", "employee_id": 17}}, {"model": "ITEM.issuedtoemployee", "pk": 5, "fields": {"issue_id": "acffgg", "employee_id": 17}}, {"model": "ITEM.issuedtoemployee", "pk": 6, "fields": {"issue_id": "dsdd", "employee_id": 7}}, {"model": "ITEM.issuedtoemployee", "pk": 7, "fields": {"issue_id": "Dev128", "employee_id": 6}}, {"model": "ITEM.issuedtoemployee", "pk": 8, "fields": {"issue_id": "Dev120", "employee_id": 6}}, {"model": "ITEM.issuedtoemployee", "pk": 11, "fields": {"issue_id": "n0098", "employee_id": 6}}, {"model": "ITEM.issuedtoemployee", "pk": 18, "fields": {"issue_id": "tra6677", "employee_id": 6}}, {"model": "ITEM.issuedtoemployee", "pk": 19, "fields": {"issue_id": "n7654", "employee_id": 7}}, {"model": "ITEM.issuedtoemployee", "pk": 24, "fields": {"issue_id": "new9900", "employee_id": 6}}, {"model": "ITEM.issuedtoemployee", "pk": 25, "fields": {"issue_id": "new9900", "employee_id": 7}}, {"model": "ITEM.issuedtoemployee", "pk": 26, "fields": {"issue_id": "jh67", "employee_id": 7}}, {"model": "ITEM.issuedtoemployee", "pk": 27, "fields": {"issue_id": "n4321", "employee_id": 7}}, {"model": "ITEM.issuedtoemployee", "pk": 28, "fields": {"issue_id": "Dev1003", "employee_id": 7}}, {"model": "ITEM.issuedtoemployee", "pk": 29, "fields": {"issue_id": "Dev1203", "employee_id": 7}}, {"model": "ITEM.upcomingissue", "pk": 13, "fields": {"issue_id": "coca1234", "issued_thing": 66, "remaining_days": 180}}, {"model": "ITEM.upcomingissue", "pk": 14, "fields": {"issue_id": "lkjhgfds", "issued_thing": 74, "remaining_days": 200}}, {"model": "ITEM.upcomingissue", "pk": 15, "fields": {"issue_id": "A234567", "issued_thing": 77, "remaining_days": 120}}, {"model": "ITEM.upcomingissue", "pk": 16, "fields": {"issue_id": "acffgg", "issued_thing": 81, "remaining_days": 180}}, {"model": "ITEM.upcomingissue", "pk": 17, "fields": {"issue_id": "dsdd", "issued_thing": 84, "remaining_days": 365}}, {"model": "ITEM.upcomingissue", "pk": 18, "fields": {"issue_id": "123AD", "issued_thing": 86, "remaining_days": 365}}, {"model": "ITEM.upcomingissue", "pk": 19, "fields": {"issue_id": "Dev128", "issued_thing": 88, "remaining_days": 365}}, {"model": "ITEM.upcomingissue", "pk": 20, "fields": {"issue_id": "Dev120", "issued_thing": 90, "remaining_days": 365}}, {"model": "ITEM.upcomingissue", "pk": 22, "fields": {"issue_id": "Dev142", "issued_thing": 94, "remaining_days": 365}}, {"model": "ITEM.upcomingissue", "pk": 36, "fields": {"issue_id": "Dev1432", "issued_thing": 122, "remaining_days": 361}}, {"model": "ITEM.upcomingissue", "pk": 39, "fields": {"issue_id": "n0098", "issued_thing": 125, "remaining_days": 180}}, {"model": "ITEM.upcomingissue", "pk": 44, "fields": {"issue_id": "tra6677", "issued_thing": 130, "remaining_days": 365}}, {"model": "ITEM.upcomingissue", "pk": 45, "fields": {"issue_id": "n7654", "issued_thing": 131, "remaining_days": 365}}, {"model": "ITEM.upcomingissue", "pk": 48, "fields": {"issue_id": "new9900", "issued_thing": 134, "remaining_days": 364}}, {"model": "ITEM.upcomingissue", "pk": 49, "fields": {"issue_id": "jh67", "issued_thing": 135, "remaining_days": 365}}, {"model": "ITEM.upcomingissue", "pk": 50, "fields": {"issue_id": "n4321", "issued_thing": 136, "remaining_days": 365}}, {"model": "ITEM.upcomingissue", "pk": 51, "fields": {"issue_id": "Dev1003", "issued_thing": 138, "remaining_days": 365}}, {"model": "ITEM.upcomingissue", "pk": 52, "fields": {"issue_id": "Dev1203", "issued_thing": 140, "remaining_days": 365}}, {"model": "trainings.trainingtype", "pk": 1, "fields": {"training_type": "OTHERS"}}, {"model": "trainings.trainingtype", "pk": 2, "fields": {"training_type": "BEHAVIORAL TRAINING"}}, {"model": "trainings.trainingtype", "pk": 3, "fields": {"training_type": "JOB SAFETY TRAINING"}}, {"model": "trainings.trainingtype", "pk": 4, "fields": {"training_type": "TOOL BOX TRAINING"}}, {"model": "trainings.training", "pk": 1, "fields": {"training_id": "21312312", "training_date": "2024-08-11", "whitelevel_id": "com10", "training_type": 4, "training_type_other": null, "training_name": null, "training_image": "", "about_the_training": "NA"}}, {"model": "trainings.training", "pk": 2, "fields": {"training_id": "Affety13fe", "training_date": "2024-12-10", "whitelevel_id": "com10", "training_type": 4, "training_type_other": null, "training_name": null, "training_image": "", "about_the_training": "NA"}}, {"model": "trainings.training", "pk": 3, "fields": {"training_id": "ase1", "training_date": "2024-12-10", "whitelevel_id": "com10", "training_type": 4, "training_type_other": null, "training_name": null, "training_image": "training_images/training_image.jpg", "about_the_training": "NA"}}, {"model": "trainings.training", "pk": 4, "fields": {"training_id": "asdwe12", "training_date": "2024-12-10", "whitelevel_id": "com10", "training_type": 3, "training_type_other": null, "training_name": null, "training_image": "", "about_the_training": "NA"}}, {"model": "trainings.training", "pk": 5, "fields": {"training_id": "lkjhgfds", "training_date": "2024-12-10", "whitelevel_id": "com10", "training_type": 4, "training_type_other": null, "training_name": null, "training_image": "training_images/training_image.png", "about_the_training": "NA"}}, {"model": "trainings.training", "pk": 6, "fields": {"training_id": "shgssjdh", "training_date": "2024-12-10", "whitelevel_id": "com10", "training_type": 4, "training_type_other": null, "training_name": null, "training_image": "training_images/training_image_0jo7jYO.png", "about_the_training": "NA"}}, {"model": "trainings.training", "pk": 7, "fields": {"training_id": "sdtretg", "training_date": "2024-12-10", "whitelevel_id": "com10", "training_type": 3, "training_type_other": null, "training_name": null, "training_image": "training_images/training_image_lkR827c.png", "about_the_training": "NA"}}, {"model": "trainings.training", "pk": 8, "fields": {"training_id": "sNMHUQWG", "training_date": "2024-12-10", "whitelevel_id": "com10", "training_type": 2, "training_type_other": null, "training_name": null, "training_image": "training_images/training_image_dBGxsxL.png", "about_the_training": "NA"}}, {"model": "trainings.training", "pk": 9, "fields": {"training_id": "asnhduweg", "training_date": "2024-12-10", "whitelevel_id": "com10", "training_type": 1, "training_type_other": null, "training_name": "shdgehh", "training_image": "training_images/training_image_owpn9va.png", "about_the_training": "NA"}}, {"model": "trainings.training", "pk": 10, "fields": {"training_id": "t5544", "training_date": "2024-12-30", "whitelevel_id": "com10", "training_type": 3, "training_type_other": null, "training_name": null, "training_image": "training_images/training_image_NB9sZv7.png", "about_the_training": "NA"}}, {"model": "trainings.training", "pk": 11, "fields": {"training_id": "t2020", "training_date": "2024-12-30", "whitelevel_id": "com10", "training_type": 2, "training_type_other": null, "training_name": null, "training_image": "training_images/training_image_t2020.jpg", "about_the_training": "des..."}}, {"model": "trainings.training", "pk": 12, "fields": {"training_id": "t6", "training_date": "2024-12-30", "whitelevel_id": "com10", "training_type": 4, "training_type_other": null, "training_name": null, "training_image": "training_images/training_image_Rhk6hFf.png", "about_the_training": "mncbm,cnm"}}, {"model": "trainings.training", "pk": 13, "fields": {"training_id": "t90", "training_date": "2024-12-30", "whitelevel_id": "com10", "training_type": 4, "training_type_other": null, "training_name": null, "training_image": "training_images/training_image_kE2stnQ.png", "about_the_training": ".,bmb,fm,"}}, {"model": "trainings.training", "pk": 14, "fields": {"training_id": "ty67", "training_date": "2024-12-30", "whitelevel_id": "com10", "training_type": 4, "training_type_other": null, "training_name": null, "training_image": "training_images/training_image_w7MnpGB.png", "about_the_training": "des.."}}, {"model": "trainings.training", "pk": 15, "fields": {"training_id": "nb90", "training_date": "2024-12-30", "whitelevel_id": "com10", "training_type": 3, "training_type_other": null, "training_name": null, "training_image": "training_images/training_image_YC8mQrr.png", "about_the_training": "job safety"}}, {"model": "trainings.training", "pk": 16, "fields": {"training_id": "s87876", "training_date": "2024-12-31", "whitelevel_id": "com10", "training_type": 3, "training_type_other": null, "training_name": null, "training_image": "", "about_the_training": ""}}, {"model": "trainings.trainer", "pk": 1, "fields": {"training": 1, "trainer_id": 6, "trainer_name": "Pratyukti dhal"}}, {"model": "trainings.trainer", "pk": 2, "fields": {"training": 2, "trainer_id": 6, "trainer_name": "Pratyukti dhal"}}, {"model": "trainings.trainer", "pk": 3, "fields": {"training": 3, "trainer_id": 7, "trainer_name": "Saipriya sahoo"}}, {"model": "trainings.trainer", "pk": 4, "fields": {"training": 4, "trainer_id": 7, "trainer_name": "Saipriya sahoo"}}, {"model": "trainings.trainer", "pk": 5, "fields": {"training": 5, "trainer_id": 6, "trainer_name": "Pratyukti dhal"}}, {"model": "trainings.trainer", "pk": 6, "fields": {"training": 6, "trainer_id": 7, "trainer_name": "Saipriya sahoo"}}, {"model": "trainings.trainer", "pk": 7, "fields": {"training": 7, "trainer_id": 6, "trainer_name": "Pratyukti dhal"}}, {"model": "trainings.trainer", "pk": 8, "fields": {"training": 8, "trainer_id": 7, "trainer_name": "Saipriya sahoo"}}, {"model": "trainings.trainer", "pk": 9, "fields": {"training": 9, "trainer_id": 7, "trainer_name": "Saipriya sahoo"}}, {"model": "trainings.trainer", "pk": 10, "fields": {"training": 10, "trainer_id": 11, "trainer_name": "sabman"}}, {"model": "trainings.trainer", "pk": 12, "fields": {"training": 11, "trainer_id": 11, "trainer_name": "Iti deogam"}}, {"model": "trainings.trainer", "pk": 13, "fields": {"training": 12, "trainer_id": 7, "trainer_name": "Saipriya sahoo"}}, {"model": "trainings.trainer", "pk": 14, "fields": {"training": 13, "trainer_id": 6, "trainer_name": "Pratyukti dhal"}}, {"model": "trainings.trainer", "pk": 15, "fields": {"training": 14, "trainer_id": 6, "trainer_name": "Pratyukti dhal"}}, {"model": "trainings.trainer", "pk": 16, "fields": {"training": 15, "trainer_id": 11, "trainer_name": "isha kumari"}}, {"model": "trainings.trainer", "pk": 17, "fields": {"training": 16, "trainer_id": 7, "trainer_name": "Saipriya sahoo"}}, {"model": "trainings.trainee", "pk": 1, "fields": {"training": 1, "trainee_id": 7, "trainee_name": "Saipriya sahoo"}}, {"model": "trainings.trainee", "pk": 2, "fields": {"training": 2, "trainee_id": 7, "trainee_name": "Saipriya sahoo"}}, {"model": "trainings.trainee", "pk": 3, "fields": {"training": 3, "trainee_id": 8, "trainee_name": "Itishree deogam"}}, {"model": "trainings.trainee", "pk": 4, "fields": {"training": 4, "trainee_id": 8, "trainee_name": "Itishree deogam"}}, {"model": "trainings.trainee", "pk": 5, "fields": {"training": 5, "trainee_id": 7, "trainee_name": "Saipriya sahoo"}}, {"model": "trainings.trainee", "pk": 6, "fields": {"training": 6, "trainee_id": 17, "trainee_name": "Smndbhga"}}, {"model": "trainings.trainee", "pk": 7, "fields": {"training": 7, "trainee_id": 17, "trainee_name": "Smndbhga"}}, {"model": "trainings.trainee", "pk": 8, "fields": {"training": 8, "trainee_id": 17, "trainee_name": "Smndbhga"}}, {"model": "trainings.trainee", "pk": 9, "fields": {"training": 9, "trainee_id": 17, "trainee_name": "Smndbhga"}}, {"model": "trainings.trainee", "pk": 10, "fields": {"training": 10, "trainee_id": 7, "trainee_name": "Saipriya sahoo"}}, {"model": "trainings.trainee", "pk": 12, "fields": {"training": 11, "trainee_id": 7, "trainee_name": "Saipriya Das"}}, {"model": "trainings.trainee", "pk": 13, "fields": {"training": 12, "trainee_id": 6, "trainee_name": "Pratyukti dhal"}}, {"model": "trainings.trainee", "pk": 14, "fields": {"training": 13, "trainee_id": 7, "trainee_name": "Saipriya sahoo"}}, {"model": "trainings.trainee", "pk": 15, "fields": {"training": 14, "trainee_id": 7, "trainee_name": "Saipriya sahoo"}}, {"model": "trainings.trainee", "pk": 16, "fields": {"training": 15, "trainee_id": 7, "trainee_name": "Saipriya sahoo"}}, {"model": "trainings.trainee", "pk": 17, "fields": {"training": 16, "trainee_id": 6, "trainee_name": "Pratyukti dhal"}}, {"model": "trainings.trainingreport", "pk": 1, "fields": {"training": 1, "whitelevel_id": "com10", "training_type": 4, "training_date": "2024-08-11", "trainer_id": 1}}, {"model": "trainings.trainingreport", "pk": 2, "fields": {"training": 2, "whitelevel_id": "com10", "training_type": 4, "training_date": "2024-12-10", "trainer_id": 2}}, {"model": "trainings.trainingreport", "pk": 3, "fields": {"training": 3, "whitelevel_id": "com10", "training_type": 4, "training_date": "2024-12-10", "trainer_id": 3}}, {"model": "trainings.trainingreport", "pk": 4, "fields": {"training": 4, "whitelevel_id": "com10", "training_type": 3, "training_date": "2024-12-10", "trainer_id": 4}}, {"model": "trainings.trainingreport", "pk": 5, "fields": {"training": 5, "whitelevel_id": "com10", "training_type": 4, "training_date": "2024-12-10", "trainer_id": 5}}, {"model": "trainings.trainingreport", "pk": 6, "fields": {"training": 6, "whitelevel_id": "com10", "training_type": 4, "training_date": "2024-12-10", "trainer_id": 6}}, {"model": "trainings.trainingreport", "pk": 7, "fields": {"training": 7, "whitelevel_id": "com10", "training_type": 3, "training_date": "2024-12-10", "trainer_id": 7}}, {"model": "trainings.trainingreport", "pk": 8, "fields": {"training": 8, "whitelevel_id": "com10", "training_type": 2, "training_date": "2024-12-10", "trainer_id": 8}}, {"model": "trainings.trainingreport", "pk": 9, "fields": {"training": 9, "whitelevel_id": "com10", "training_type": 1, "training_date": "2024-12-10", "trainer_id": 9}}, {"model": "trainings.trainingreport", "pk": 10, "fields": {"training": 10, "whitelevel_id": "com10", "training_type": 3, "training_date": "2024-12-30", "trainer_id": 10}}, {"model": "trainings.trainingreport", "pk": 12, "fields": {"training": 12, "whitelevel_id": "com10", "training_type": 4, "training_date": "2024-12-30", "trainer_id": 13}}, {"model": "trainings.trainingreport", "pk": 13, "fields": {"training": 13, "whitelevel_id": "com10", "training_type": 4, "training_date": "2024-12-30", "trainer_id": 14}}, {"model": "trainings.trainingreport", "pk": 14, "fields": {"training": 14, "whitelevel_id": "com10", "training_type": 4, "training_date": "2024-12-30", "trainer_id": 15}}, {"model": "trainings.trainingreport", "pk": 15, "fields": {"training": 15, "whitelevel_id": "com10", "training_type": 3, "training_date": "2024-12-30", "trainer_id": 16}}, {"model": "trainings.trainingreport", "pk": 16, "fields": {"training": 16, "whitelevel_id": "com10", "training_type": 3, "training_date": "2024-12-31", "trainer_id": 17}}, {"model": "medical.medicalcheckup", "pk": 2, "fields": {"employee": 6, "checkup_date": "2024-09-02", "next_checkup_date": "2024-12-02", "image": "media\\medical_checkup_images\\57495316-129b-491d-8827-37399e5a8a76.jpg"}}, {"model": "medical.medicalcheckup", "pk": 3, "fields": {"employee": 7, "checkup_date": "2023-09-03", "next_checkup_date": "2024-09-03", "image": "media\\medical_checkup_images\\b916093e-bbf9-4707-bbfd-c3e068d9113c.jpg"}}, {"model": "medical.medicalcheckup", "pk": 4, "fields": {"employee": 8, "checkup_date": "2023-09-03", "next_checkup_date": "2024-09-03", "image": "media\\medical_checkup_images\\b916093e-bbf9-4707-bbfd-c3e068d9113c.jpg"}}, {"model": "medical.medicalcheckup", "pk": 5, "fields": {"employee": 7, "checkup_date": "2024-09-04", "next_checkup_date": "2025-09-04", "image": "media\\medical_checkup_images\\d859999d-3eb5-421c-a7ca-40dcb512b9fa.jpg"}}, {"model": "medical.medicalcheckup", "pk": 6, "fields": {"employee": 8, "checkup_date": "2024-09-04", "next_checkup_date": "2025-09-04", "image": "media\\medical_checkup_images\\434d6404-9820-4f69-a0a0-3fb1e59e2ebe.jpg"}}, {"model": "medical.medicalcheckup", "pk": 7, "fields": {"employee": 12, "checkup_date": "2024-09-04", "next_checkup_date": "2025-09-04", "image": "media\\medical_checkup_images\\11137d65-6a1a-402e-b182-b1ea944dfda7.jpg"}}, {"model": "medical.medicalcheckup", "pk": 8, "fields": {"employee": 13, "checkup_date": "2024-09-04", "next_checkup_date": "2025-09-04", "image": "media\\medical_checkup_images\\cd1dd583-9e48-463d-903b-554b3e80f54e.jpg"}}, {"model": "medical.medicalcheckup", "pk": 9, "fields": {"employee": 14, "checkup_date": "2024-09-05", "next_checkup_date": "2025-09-05", "image": "media\\medical_checkup_images\\f0941741-1aba-4425-bdfe-d8f22e0b7f3e.jpg"}}, {"model": "medical.medicalcheckup", "pk": 10, "fields": {"employee": 15, "checkup_date": "2024-12-10", "next_checkup_date": "2025-12-10", "image": "media\\medical_checkup_images\\890287db-5984-491d-b8f3-e2ee6d866e78.jpg"}}, {"model": "medical.medicalcheckup", "pk": 11, "fields": {"employee": 16, "checkup_date": "2024-12-10", "next_checkup_date": "2025-12-10", "image": "media\\medical_checkup_images\\e0810df4-adeb-484b-8a6f-ae044deed998.jpg"}}, {"model": "medical.medicalcheckup", "pk": 12, "fields": {"employee": 17, "checkup_date": "2024-12-10", "next_checkup_date": "2025-12-10", "image": "media\\medical_checkup_images\\dde9d432-96ed-4ca7-bc66-7e7fab8aa08a.jpg"}}]
